<?xml version="1.0" encoding="UTF-8"?>
<project-private xmlns="http://www.netbeans.org/ns/project-private/1">
    <editor-bookmarks xmlns="http://www.netbeans.org/ns/editor-bookmarks/2" lastBookmarkId="0"/>
    <open-files xmlns="http://www.netbeans.org/ns/projectui-open-files/2">
        <group>
            <file>file:/G:/xamppp/htdocs/PIDEV/JAVA/PIDEV/src/views/MVente/Livraison/AfficheLivraisonController.java</file>
            <file>file:/G:/xamppp/htdocs/PIDEV/JAVA/PIDEV/src/crud/MService/Reclamation/BE/CrudReclamation.java</file>
            <file>file:/G:/xamppp/htdocs/PIDEV/JAVA/PIDEV/src/techniques/MyConnection.java</file>
            <file>file:/G:/xamppp/htdocs/PIDEV/JAVA/PIDEV/src/views/MVente/Livraison/AfficheLivraisonBackController.java</file>
            <file>file:/G:/xamppp/htdocs/PIDEV/JAVA/PIDEV/src/views/MVente/Panier/AffichePanierController.java</file>
            <file>file:/G:/xamppp/htdocs/PIDEV/JAVA/PIDEV/src/techniques/AutoJob.java</file>
        </group>
    </open-files>
</project-private>
